-- ============================================================
-- ANKA Agency Platform - PostgreSQL Schema
-- Target: Supabase (PostgreSQL 15+)
--
-- Rewritten from mixed-dialect original to clean PostgreSQL.
-- Changes from original:
--   - All MySQL syntax (backticks, AUTO_INCREMENT, COMMENT=) replaced
--   - Added: deal_ghost_roles, deal_hard_assignments tables
--   - Renamed: job_roles -> roles (matches frontend lib/supabaseOrganization.ts)
--   - Added: employees.role text, employees.capacity_role
--   - Added: GENERATED columns (cost_per_hour, invoices.total)
--   - Added: workload_description on deals
--   - Added: tenant_id on estimation_resources, deal_overheads, milestones, time_entries
--   - Added: ON DELETE CASCADE where child records follow parent
--   - Added: CHECK constraints on enums, ranges, non-negative values
--   - Added: win_deal() PostgreSQL function
--   - Added: sequences for contract_number, invoice_number, project_number
--   - Added: RBAC app_role on users (Admin|Executive|Sales|Delivery|HR)
--   - Removed: personal_access_tokens, password_reset_tokens (managed by Laravel)
--   - Added: seed data matching frontend mock data
--   - Added: full COMMENT ON TABLE and COMMENT ON COLUMN for every table/column
--
-- Note on company_settings.id:
--   Frontend (lib/supabaseOrganization.ts) upserts with id='singleton'.
--   For single-tenant prototypes, this works as-is.
--   For multi-tenant production, set id = tenant_id::text per tenant
--   and update the frontend/API to fetch by tenant_id.
--
-- Note on time_entries + consumed_hours:
--   Approving a time entry must increment projects.consumed_hours exactly once.
--   This is handled in application code (not a DB trigger) to avoid
--   double-counting when status toggles back and forth.
--
-- Laravel auth tables (personal_access_tokens, password_reset_tokens) are
-- intentionally excluded. Run "php artisan migrate" to generate them.
-- ============================================================


-- ============================================================
-- SEQUENCES for human-readable public IDs
-- ============================================================

CREATE SEQUENCE IF NOT EXISTS contract_number_seq START 1;
CREATE SEQUENCE IF NOT EXISTS invoice_number_seq  START 1042;
CREATE SEQUENCE IF NOT EXISTS project_number_seq  START 101;


-- ============================================================
-- TENANTS
-- Root multi-tenancy table. Every business entity belongs to a tenant.
-- ============================================================

CREATE TABLE tenants (
    id          uuid          PRIMARY KEY DEFAULT gen_random_uuid(),
    name        varchar(255)  NOT NULL,
    slug        varchar(255)  UNIQUE NOT NULL,
    plan        varchar(50)   NOT NULL DEFAULT 'free',
    is_active   boolean       NOT NULL DEFAULT true,
    created_at  timestamptz   DEFAULT now(),
    updated_at  timestamptz   DEFAULT now()
);


-- ============================================================
-- USERS
-- Auth users. Linked to a tenant and optionally to an employee record.
-- system_role: internal platform role  (owner | admin | manager | member)
-- app_role:    frontend RBAC role      (Admin | Executive | Sales | Delivery | HR)
-- employee_id FK is added after the employees table is created.
-- ============================================================

CREATE TABLE users (
    id                  bigint        PRIMARY KEY GENERATED BY DEFAULT AS IDENTITY,
    tenant_id           uuid          NOT NULL REFERENCES tenants(id) ON DELETE RESTRICT,
    employee_id         uuid,
    first_name          varchar(255)  NOT NULL,
    last_name           varchar(255)  NOT NULL,
    email               varchar(255)  UNIQUE NOT NULL,
    password            varchar(255)  NOT NULL,
    system_role         varchar(50)   NOT NULL DEFAULT 'member',
    app_role            text          NOT NULL DEFAULT 'Sales'
                            CHECK (app_role IN ('Admin','Executive','Sales','Delivery','HR')),
    email_verified_at   timestamptz,
    remember_token      varchar(255),
    created_at          timestamptz   DEFAULT now(),
    updated_at          timestamptz   DEFAULT now(),
    deleted_at          timestamptz
);


-- ============================================================
-- DEPARTMENTS
-- ============================================================

CREATE TABLE departments (
    id          uuid          PRIMARY KEY DEFAULT gen_random_uuid(),
    tenant_id   uuid          NOT NULL REFERENCES tenants(id) ON DELETE RESTRICT,
    name        varchar(255)  NOT NULL,
    manager     varchar(255),
    headcount   int           NOT NULL DEFAULT 0,
    created_at  timestamptz   DEFAULT now(),
    updated_at  timestamptz   DEFAULT now(),
    deleted_at  timestamptz
);


-- ============================================================
-- ROLES  (renamed from job_roles)
-- Business/billing roles with client-facing rates.
-- "department" column is a denormalized text name because the frontend
-- stores Role.department as a string, not a UUID.
-- department_id is the normalized FK for referential integrity.
-- ============================================================

CREATE TABLE roles (
    id              uuid          PRIMARY KEY DEFAULT gen_random_uuid(),
    tenant_id       uuid          NOT NULL REFERENCES tenants(id) ON DELETE RESTRICT,
    department_id   uuid          REFERENCES departments(id) ON DELETE SET NULL,
    title           varchar(255)  NOT NULL,
    department      varchar(255),
    rate            numeric(10,2) NOT NULL DEFAULT 0,
    created_at      timestamptz   DEFAULT now(),
    updated_at      timestamptz   DEFAULT now(),
    deleted_at      timestamptz
);


-- ============================================================
-- EMPLOYEES
-- "role" column stores the roles.id UUID as plain text to match the
-- frontend Employee.role string field (lib/supabaseOrganization.ts).
-- job_role_id is the normalized UUID FK for referential integrity.
-- capacity_role drives AI team builder and capacity pool calculations.
-- cost_per_hour is GENERATED: monthly_salary / workable_hours.
-- ============================================================

CREATE TABLE employees (
    id              uuid          PRIMARY KEY DEFAULT gen_random_uuid(),
    tenant_id       uuid          NOT NULL REFERENCES tenants(id) ON DELETE RESTRICT,
    department_id   uuid          REFERENCES departments(id) ON DELETE SET NULL,
    job_role_id     uuid          REFERENCES roles(id) ON DELETE SET NULL,
    name            varchar(255)  NOT NULL,
    role            text,
    role_name       varchar(255),
    capacity_role   text          CHECK (capacity_role IN ('frontend','backend','pm','qa','design')),
    monthly_salary  numeric(12,2) NOT NULL DEFAULT 0,
    workable_hours  int           NOT NULL DEFAULT 160,
    cost_per_hour   numeric(10,4) GENERATED ALWAYS AS
                        (monthly_salary / NULLIF(workable_hours, 0)) STORED,
    status          text          NOT NULL DEFAULT 'Active'
                        CHECK (status IN ('Active','On Leave','Terminated')),
    created_at      timestamptz   DEFAULT now(),
    updated_at      timestamptz   DEFAULT now(),
    deleted_at      timestamptz
);

-- Deferred FK: users.employee_id -> employees
ALTER TABLE users
    ADD CONSTRAINT fk_users_employee
    FOREIGN KEY (employee_id) REFERENCES employees(id) ON DELETE SET NULL;


-- ============================================================
-- GLOBAL OVERHEADS
-- Fixed monthly costs applied to all P&L calculations.
-- ============================================================

CREATE TABLE global_overheads (
    id            uuid          PRIMARY KEY DEFAULT gen_random_uuid(),
    tenant_id     uuid          NOT NULL REFERENCES tenants(id) ON DELETE RESTRICT,
    category      varchar(255)  NOT NULL,
    description   text,
    monthly_cost  numeric(12,2) NOT NULL DEFAULT 0,
    created_at    timestamptz   DEFAULT now(),
    updated_at    timestamptz   DEFAULT now(),
    deleted_at    timestamptz
);


-- ============================================================
-- COMPANY SETTINGS
-- One row per tenant. UNIQUE(tenant_id) enforced at DB level.
-- id='singleton' works for single-tenant prototypes (frontend default).
-- For multi-tenant: set id = tenant_id::text; fetch by tenant_id in API.
-- employer_tax_percentage and benefits_percentage support salary multiplier UI.
-- ============================================================

CREATE TABLE company_settings (
    id                      text          PRIMARY KEY DEFAULT 'singleton',
    tenant_id               uuid          UNIQUE NOT NULL REFERENCES tenants(id) ON DELETE RESTRICT,
    overhead_percentage     numeric(5,2)  NOT NULL DEFAULT 20,
    buffer_percentage       numeric(5,2)  NOT NULL DEFAULT 10,
    yearly_fixed_cost       numeric(14,2) NOT NULL DEFAULT 0,
    employer_tax_percentage numeric(5,2)  NOT NULL DEFAULT 8,
    benefits_percentage     numeric(5,2)  NOT NULL DEFAULT 12,
    created_at              timestamptz   DEFAULT now(),
    updated_at              timestamptz   DEFAULT now()
);


-- ============================================================
-- DEALS
-- CRM pipeline. Status follows Kanban stages.
-- Call win_deal(id, tenant_id) to atomically mark won and create contract+project.
-- workload_description: free-text scope description (was missing in original).
-- ============================================================

CREATE TABLE deals (
    id                      uuid          PRIMARY KEY DEFAULT gen_random_uuid(),
    tenant_id               uuid          NOT NULL REFERENCES tenants(id) ON DELETE RESTRICT,
    name                    varchar(255)  NOT NULL,
    client                  varchar(255),
    estimated_value         numeric(14,2) CHECK (estimated_value >= 0),
    win_probability         smallint      NOT NULL DEFAULT 0
                                CHECK (win_probability BETWEEN 0 AND 100),
    status                  text          NOT NULL DEFAULT 'inquiry'
                                CHECK (status IN ('lead','inquiry','opportunity','proposal','contract','won','lost')),
    client_budget           numeric(14,2) CHECK (client_budget >= 0),
    timeline_months         int,
    workload_hours          numeric(10,2) CHECK (workload_hours >= 0),
    workload_description    text,
    target_margin           numeric(5,2),
    base_labor_cost         numeric(14,2) CHECK (base_labor_cost >= 0),
    overhead_cost           numeric(14,2) CHECK (overhead_cost >= 0),
    buffer_cost             numeric(14,2) CHECK (buffer_cost >= 0),
    total_estimated_cost    numeric(14,2) CHECK (total_estimated_cost >= 0),
    estimated_gross_profit  numeric(14,2),
    won_at                  timestamptz,
    lost_at                 timestamptz,
    created_at              timestamptz   DEFAULT now(),
    updated_at              timestamptz   DEFAULT now(),
    deleted_at              timestamptz
);


-- ============================================================
-- ESTIMATION RESOURCES
-- Feature-level resource breakdown per deal.
-- role_id (text) mirrors frontend EstimationResource.roleId string.
-- job_role_id (uuid) is the normalized FK for referential integrity.
-- Replaced wholesale on deal estimation update.
-- ============================================================

CREATE TABLE estimation_resources (
    id            uuid          PRIMARY KEY DEFAULT gen_random_uuid(),
    tenant_id     uuid          NOT NULL REFERENCES tenants(id) ON DELETE RESTRICT,
    deal_id       uuid          NOT NULL REFERENCES deals(id) ON DELETE CASCADE,
    job_role_id   uuid          REFERENCES roles(id) ON DELETE SET NULL,
    role_id       text,
    feature_name  varchar(255)  NOT NULL,
    hours         numeric(10,2) NOT NULL DEFAULT 0 CHECK (hours >= 0),
    created_at    timestamptz   DEFAULT now(),
    updated_at    timestamptz   DEFAULT now()
);


-- ============================================================
-- DEAL OVERHEADS  (maps to frontend ProjectOverhead)
-- Per-deal overhead items, separate from global_overheads.
-- ============================================================

CREATE TABLE deal_overheads (
    id          uuid          PRIMARY KEY DEFAULT gen_random_uuid(),
    tenant_id   uuid          NOT NULL REFERENCES tenants(id) ON DELETE RESTRICT,
    deal_id     uuid          NOT NULL REFERENCES deals(id) ON DELETE CASCADE,
    name        varchar(255)  NOT NULL,
    cost        numeric(12,2) NOT NULL DEFAULT 0 CHECK (cost >= 0),
    created_at  timestamptz   DEFAULT now(),
    updated_at  timestamptz   DEFAULT now()
);


-- ============================================================
-- DEAL GHOST ROLES  (maps to frontend Deal.ghostRoles)
-- Unassigned role slots used for soft capacity planning before
-- named engineers are assigned. Soft-booked hours are derived from
-- quantity * months * 160 * (win_probability / 100).
-- ============================================================

CREATE TABLE deal_ghost_roles (
    id                  uuid          PRIMARY KEY DEFAULT gen_random_uuid(),
    tenant_id           uuid          NOT NULL REFERENCES tenants(id) ON DELETE RESTRICT,
    deal_id             uuid          NOT NULL REFERENCES deals(id) ON DELETE CASCADE,
    role_type           text          NOT NULL
                            CHECK (role_type IN ('frontend','backend','pm','qa','design')),
    quantity            int           NOT NULL DEFAULT 1 CHECK (quantity >= 1),
    months              int           NOT NULL DEFAULT 1 CHECK (months >= 1),
    avg_monthly_salary  numeric(12,2) NOT NULL DEFAULT 0 CHECK (avg_monthly_salary >= 0),
    created_at          timestamptz   DEFAULT now(),
    updated_at          timestamptz   DEFAULT now()
);


-- ============================================================
-- DEAL HARD ASSIGNMENTS  (maps to frontend Deal.hardAssignments)
-- Named engineers committed to a deal (won/contract stage).
-- Required for AI team acceptance and staffing pages.
-- UNIQUE(deal_id, employee_id) prevents duplicate assignments.
-- ============================================================

CREATE TABLE deal_hard_assignments (
    id              uuid          PRIMARY KEY DEFAULT gen_random_uuid(),
    tenant_id       uuid          NOT NULL REFERENCES tenants(id) ON DELETE RESTRICT,
    deal_id         uuid          NOT NULL REFERENCES deals(id) ON DELETE CASCADE,
    employee_id     uuid          NOT NULL REFERENCES employees(id) ON DELETE CASCADE,
    allocated_hours numeric(10,2) NOT NULL DEFAULT 0 CHECK (allocated_hours >= 0),
    created_at      timestamptz   DEFAULT now(),
    updated_at      timestamptz   DEFAULT now(),
    UNIQUE (deal_id, employee_id)
);


-- ============================================================
-- CONTRACTS
-- Auto-generated by win_deal(). Can also be created manually.
-- contract_number uses contract_number_seq (e.g. CON-0001).
-- ============================================================

CREATE TABLE contracts (
    id                  uuid          PRIMARY KEY DEFAULT gen_random_uuid(),
    tenant_id           uuid          NOT NULL REFERENCES tenants(id) ON DELETE RESTRICT,
    deal_id             uuid          REFERENCES deals(id) ON DELETE SET NULL,
    contract_number     text          UNIQUE NOT NULL DEFAULT
                            ('CON-' || lpad(nextval('contract_number_seq')::text, 4, '0')),
    client              varchar(255)  NOT NULL,
    total_value         numeric(14,2) NOT NULL DEFAULT 0,
    revenue_recognized  numeric(14,2) NOT NULL DEFAULT 0,
    status              text          NOT NULL DEFAULT 'Draft'
                            CHECK (status IN ('Draft','Active','Completed','Cancelled')),
    start_date          date,
    end_date            date,
    notes               text,
    created_at          timestamptz   DEFAULT now(),
    updated_at          timestamptz   DEFAULT now(),
    deleted_at          timestamptz
);


-- ============================================================
-- MILESTONES
-- Payment milestones tied to a contract.
-- ============================================================

CREATE TABLE milestones (
    id            uuid          PRIMARY KEY DEFAULT gen_random_uuid(),
    tenant_id     uuid          NOT NULL REFERENCES tenants(id) ON DELETE RESTRICT,
    contract_id   uuid          NOT NULL REFERENCES contracts(id) ON DELETE CASCADE,
    name          varchar(255)  NOT NULL,
    due_date      date          NOT NULL,
    amount        numeric(12,2) NOT NULL DEFAULT 0 CHECK (amount >= 0),
    status        text          NOT NULL DEFAULT 'Pending'
                      CHECK (status IN ('Pending','In Progress','Completed')),
    completed_at  timestamptz,
    created_at    timestamptz   DEFAULT now(),
    updated_at    timestamptz   DEFAULT now()
);


-- ============================================================
-- INVOICES
-- total is GENERATED as amount + tax (no application math needed).
-- issue_date is the primary date column; frontend Invoice.date maps here.
-- invoice_number uses invoice_number_seq (e.g. INV-1042).
-- ============================================================

CREATE TABLE invoices (
    id              uuid          PRIMARY KEY DEFAULT gen_random_uuid(),
    tenant_id       uuid          NOT NULL REFERENCES tenants(id) ON DELETE RESTRICT,
    contract_id     uuid          NOT NULL REFERENCES contracts(id) ON DELETE RESTRICT,
    milestone_id    uuid          REFERENCES milestones(id) ON DELETE SET NULL,
    invoice_number  text          UNIQUE NOT NULL DEFAULT
                        ('INV-' || lpad(nextval('invoice_number_seq')::text, 4, '0')),
    issue_date      date          NOT NULL,
    due_date        date,
    amount          numeric(12,2) NOT NULL DEFAULT 0 CHECK (amount >= 0),
    tax             numeric(10,2) NOT NULL DEFAULT 0 CHECK (tax >= 0),
    total           numeric(12,2) GENERATED ALWAYS AS (amount + tax) STORED,
    status          text          NOT NULL DEFAULT 'Draft'
                        CHECK (status IN ('Draft','Pending','Paid','Overdue','Cancelled')),
    paid_at         timestamptz,
    notes           text,
    created_at      timestamptz   DEFAULT now(),
    updated_at      timestamptz   DEFAULT now(),
    deleted_at      timestamptz
);


-- ============================================================
-- PROJECTS
-- Auto-created by win_deal(). UNIQUE(contract_id) enforces one project
-- per contract, matching the frontend winDeal() behavior.
-- consumed_hours is updated by application code on time entry approval.
-- project_number uses project_number_seq (e.g. PRJ-101).
-- ============================================================

CREATE TABLE projects (
    id              uuid          PRIMARY KEY DEFAULT gen_random_uuid(),
    tenant_id       uuid          NOT NULL REFERENCES tenants(id) ON DELETE RESTRICT,
    contract_id     uuid          NOT NULL REFERENCES contracts(id) ON DELETE RESTRICT,
    project_number  text          UNIQUE NOT NULL DEFAULT
                        ('PRJ-' || lpad(nextval('project_number_seq')::text, 3, '0')),
    name            varchar(255)  NOT NULL,
    client          varchar(255)  NOT NULL,
    budget_hours    numeric(10,2) NOT NULL DEFAULT 0 CHECK (budget_hours >= 0),
    consumed_hours  numeric(10,2) NOT NULL DEFAULT 0 CHECK (consumed_hours >= 0),
    status          text          NOT NULL DEFAULT 'Not Started'
                        CHECK (status IN ('Not Started','On Track','At Risk','Over Budget','Completed')),
    start_date      date,
    end_date        date,
    created_at      timestamptz   DEFAULT now(),
    updated_at      timestamptz   DEFAULT now(),
    deleted_at      timestamptz,
    UNIQUE (contract_id)
);


-- ============================================================
-- TIME ENTRIES
-- hours > 0 enforced (cannot log zero or negative hours).
-- Approving a time entry must increment projects.consumed_hours in
-- application code, not via trigger, to avoid double-counting when
-- status changes repeatedly (Draft -> Pending -> Approved -> Pending).
-- ============================================================

CREATE TABLE time_entries (
    id            uuid          PRIMARY KEY DEFAULT gen_random_uuid(),
    tenant_id     uuid          NOT NULL REFERENCES tenants(id) ON DELETE RESTRICT,
    project_id    uuid          NOT NULL REFERENCES projects(id) ON DELETE RESTRICT,
    employee_id   uuid          NOT NULL REFERENCES employees(id) ON DELETE RESTRICT,
    approved_by   bigint        REFERENCES users(id) ON DELETE SET NULL,
    task          varchar(255)  NOT NULL,
    date          date          NOT NULL,
    hours         numeric(6,2)  NOT NULL CHECK (hours > 0),
    billable      boolean       NOT NULL DEFAULT true,
    status        text          NOT NULL DEFAULT 'Draft'
                      CHECK (status IN ('Draft','Pending','Approved','Rejected')),
    notes         text,
    approved_at   timestamptz,
    created_at    timestamptz   DEFAULT now(),
    updated_at    timestamptz   DEFAULT now()
);

-- Note: personal_access_tokens and password_reset_tokens are managed by
-- Laravel Sanctum migrations (php artisan migrate) and are excluded here.


-- ============================================================
-- INDEXES
-- ============================================================

-- Tenants / Users
CREATE INDEX idx_users_tenant_email         ON users(tenant_id, email);

-- Org structure
CREATE INDEX idx_departments_tenant         ON departments(tenant_id);
CREATE INDEX idx_roles_tenant_dept          ON roles(tenant_id, department_id);
CREATE INDEX idx_employees_tenant_status    ON employees(tenant_id, status);
CREATE INDEX idx_employees_job_role         ON employees(job_role_id);
CREATE INDEX idx_employees_capacity_role    ON employees(tenant_id, capacity_role);
CREATE INDEX idx_overheads_tenant           ON global_overheads(tenant_id);

-- Deals
CREATE INDEX idx_deals_tenant_status        ON deals(tenant_id, status);
CREATE INDEX idx_deals_tenant_status_upd    ON deals(tenant_id, status, updated_at);
CREATE INDEX idx_deals_tenant_client        ON deals(tenant_id, client);

-- Deal children (all cascade-deleted with deal)
CREATE INDEX idx_estimation_deal            ON estimation_resources(deal_id);
CREATE INDEX idx_deal_overheads_deal        ON deal_overheads(deal_id);
CREATE INDEX idx_deal_ghost_roles_deal      ON deal_ghost_roles(deal_id);
CREATE INDEX idx_deal_ghost_roles_type      ON deal_ghost_roles(deal_id, role_type);
CREATE INDEX idx_deal_hard_assign_emp       ON deal_hard_assignments(employee_id);

-- Contracts / Invoices / Milestones / Projects
CREATE INDEX idx_contracts_tenant_status    ON contracts(tenant_id, status);
CREATE INDEX idx_contracts_deal             ON contracts(deal_id);
CREATE INDEX idx_milestones_contract        ON milestones(contract_id);
CREATE INDEX idx_invoices_tenant_status     ON invoices(tenant_id, status);
CREATE INDEX idx_invoices_tenant_status_dt  ON invoices(tenant_id, status, issue_date);
CREATE INDEX idx_invoices_contract          ON invoices(contract_id);
CREATE INDEX idx_projects_tenant_status     ON projects(tenant_id, status);
CREATE INDEX idx_projects_contract          ON projects(contract_id);

-- Time entries
CREATE INDEX idx_time_entries_project_date  ON time_entries(project_id, date);
CREATE INDEX idx_time_entries_employee_date ON time_entries(employee_id, date);
CREATE INDEX idx_time_entries_status        ON time_entries(status);
CREATE INDEX idx_time_entries_tenant_date   ON time_entries(tenant_id, date);


-- ============================================================
-- TABLE COMMENTS
-- Visible in DB diagram tools (dbdiagram.io, DBeaver, TablePlus, etc.)
-- ============================================================

COMMENT ON TABLE tenants IS
'Root multi-tenancy table. Every other table references tenant_id to isolate data per company. A tenant represents one agency/business using the ANKA platform.';

COMMENT ON TABLE users IS
'Authentication accounts for people who log in. Each user belongs to one tenant and optionally links to an employee record. Two role columns exist: system_role for platform admin levels (owner/admin/manager/member), app_role for frontend RBAC features (which pages and actions are accessible).';

COMMENT ON TABLE departments IS
'Organizational units within a tenant, e.g. Engineering, Design, Marketing. Used to group employees and roles. headcount is maintained by application code when employees are added or removed from a department.';

COMMENT ON TABLE roles IS
'Billable job roles with client-facing hourly rates. e.g. Senior Developer at $150/hr. Renamed from job_roles to match the frontend Supabase table expectation (lib/supabaseOrganization.ts). The department text column is denormalized (stores the name as a string) because the frontend Role type sends a plain string rather than a UUID.';

COMMENT ON TABLE employees IS
'The organizational roster of delivery staff. Each employee has a monthly salary, workable hours per month, and a capacity_role that classifies them for the AI team builder and capacity pool. cost_per_hour is automatically calculated by the database from monthly_salary / workable_hours and never needs to be set manually.';

COMMENT ON TABLE global_overheads IS
'Company-wide fixed monthly costs such as rent, software subscriptions, and utilities. Summed each month and applied to the P&L dashboard. Distinct from per-deal overheads stored in deal_overheads.';

COMMENT ON TABLE company_settings IS
'One configuration row per tenant holding the financial percentages used in deal estimation (overhead %, buffer %) and P&L calculations. The id defaults to "singleton" for single-tenant prototypes to match the frontend upsert call. For multi-tenant production, use id = tenant_id::text so each tenant has a distinct row.';

COMMENT ON TABLE deals IS
'The CRM sales pipeline. A deal starts as a lead or inquiry and progresses through Kanban stages (opportunity, proposal, contract) to won or lost. All estimation math (labor cost, overhead, buffer, gross profit) is computed on the frontend and stored here. Call win_deal(id, tenant_id) to atomically mark a deal as won and auto-create a contract and project.';

COMMENT ON TABLE estimation_resources IS
'Line items that break a deal workload into named features and the role/hours required. Example: "Architecture Setup" needs 100 hours of a Senior Developer. These rows are deleted and replaced as a complete set whenever a deal estimation is updated. role_id is a text copy of roles.id because the frontend sends it as a string.';

COMMENT ON TABLE deal_overheads IS
'Deal-specific one-time costs such as "AWS Setup Fee $2,000" or "Travel Expenses $500". Distinct from global_overheads which apply company-wide. Maps to the frontend ProjectOverhead TypeScript type. Rows are cascade-deleted when the deal is removed.';

COMMENT ON TABLE deal_ghost_roles IS
'Unnamed role slots on a deal used for soft capacity planning before real engineers are assigned. Example: "2 backend engineers for 3 months at $7,000/month average". Soft-booked hours = quantity x months x 160hrs x (win_probability/100). Cascade-deleted with the deal.';

COMMENT ON TABLE deal_hard_assignments IS
'Actual named engineer assignments on a deal once it reaches the won or contract stage. Maps to frontend Deal.hardAssignments. A UNIQUE constraint on (deal_id, employee_id) prevents assigning the same person twice. Required by the AI team builder acceptance flow and the staffing capacity view.';

COMMENT ON TABLE contracts IS
'Formal client agreements generated when a deal is won. contract_number (e.g. CON-0001) is auto-generated from a sequence. One contract is created per won deal but contracts can also be created manually. revenue_recognized tracks how much of total_value has been invoiced and paid so far.';

COMMENT ON TABLE milestones IS
'Payment checkpoints within a contract. Example: "Project Kickoff - $20,000 due 2024-03-15". Milestones split the contract total into scheduled billing events. Each can optionally trigger an invoice. Cascade-deleted when the contract is removed.';

COMMENT ON TABLE invoices IS
'Client-facing billing documents tied to a contract. invoice_number (e.g. INV-1042) is auto-generated. The total column is automatically calculated by the database as amount + tax - the application never needs to compute it. issue_date is what the frontend TypeScript type calls "date".';

COMMENT ON TABLE projects IS
'The delivery project created when a deal is won. project_number (e.g. PRJ-101) is auto-generated. A UNIQUE constraint on contract_id enforces one project per contract, matching the frontend win-deal behavior. consumed_hours is incremented by the application each time a time entry is approved.';

COMMENT ON TABLE time_entries IS
'Individual timesheet records logged by employees against a project. hours must be greater than zero. The approval workflow is Draft -> Pending -> Approved (or Rejected). Only Approved entries should increment projects.consumed_hours, and the application must ensure this happens exactly once per approval to avoid double-counting.';


-- ============================================================
-- COLUMN COMMENTS
-- Every column documented for DB diagram and developer reference.
-- ============================================================

-- tenants
COMMENT ON COLUMN tenants.id        IS 'UUID primary key, auto-generated by gen_random_uuid().';
COMMENT ON COLUMN tenants.name      IS 'Full company name displayed in the UI. e.g. "Anka Agency".';
COMMENT ON COLUMN tenants.slug      IS 'URL-safe lowercase identifier for routing and API paths. e.g. "anka-agency". Globally unique across all tenants.';
COMMENT ON COLUMN tenants.plan      IS 'Subscription plan controlling feature access. Values: free | pro | enterprise.';
COMMENT ON COLUMN tenants.is_active IS 'Whether this tenant account is active. Set to false to lock out the tenant without deleting their data.';
COMMENT ON COLUMN tenants.created_at IS 'Timestamp when the tenant account was created.';
COMMENT ON COLUMN tenants.updated_at IS 'Timestamp of the most recent change to any tenant field.';

-- users
COMMENT ON COLUMN users.id               IS 'Auto-incrementing integer primary key. Used as the approved_by reference in time_entries.';
COMMENT ON COLUMN users.tenant_id        IS 'The company this login account belongs to. All data reads are scoped to this tenant.';
COMMENT ON COLUMN users.employee_id      IS 'Optional link to the employees table. Connects the auth account to the person in the org roster. NULL for admin accounts with no employee record.';
COMMENT ON COLUMN users.first_name       IS 'First name of the account holder.';
COMMENT ON COLUMN users.last_name        IS 'Last name of the account holder.';
COMMENT ON COLUMN users.email            IS 'Login email address. Globally unique across all tenants.';
COMMENT ON COLUMN users.password         IS 'Bcrypt-hashed password. Managed entirely by Laravel. Never store or log plaintext passwords.';
COMMENT ON COLUMN users.system_role      IS 'Internal platform administration level. Values: owner | admin | manager | member. Does NOT map to frontend page-level RBAC - use app_role for that.';
COMMENT ON COLUMN users.app_role         IS 'Frontend RBAC role controlling which pages and actions the user can access. Values: Admin | Executive | Sales | Delivery | HR. Defined in lib/rbac.ts. Admin bypasses all permission checks.';
COMMENT ON COLUMN users.email_verified_at IS 'Timestamp when the user clicked the email verification link. NULL means unverified and the account may be restricted.';
COMMENT ON COLUMN users.remember_token   IS 'Laravel "remember me" session token stored in a cookie. Auto-managed by the framework.';
COMMENT ON COLUMN users.deleted_at       IS 'Soft delete timestamp. Non-NULL means the account is deactivated. Use this instead of hard-deleting so audit trails and time entry approval records are preserved.';

-- departments
COMMENT ON COLUMN departments.id         IS 'UUID primary key, auto-generated.';
COMMENT ON COLUMN departments.tenant_id  IS 'Scopes this department to one tenant. A department named "Engineering" can exist independently in multiple tenants.';
COMMENT ON COLUMN departments.name       IS 'Display name of the department. e.g. "Engineering", "Design", "Marketing". Should be unique within a tenant.';
COMMENT ON COLUMN departments.manager    IS 'Full name of the department manager as free text. Not a foreign key - stored as a display string. e.g. "Alice Roberts".';
COMMENT ON COLUMN departments.headcount  IS 'Count of active employees currently in this department. Updated by application code when employees are assigned or removed. Not auto-computed by the DB.';
COMMENT ON COLUMN departments.created_at IS 'Timestamp when the department was created.';
COMMENT ON COLUMN departments.updated_at IS 'Timestamp of the most recent change.';
COMMENT ON COLUMN departments.deleted_at IS 'Soft delete. Related employees and roles use ON DELETE SET NULL so they survive department deletion.';

-- roles
COMMENT ON COLUMN roles.id            IS 'UUID primary key. This same UUID is also stored as a plain text string in employees.role and estimation_resources.role_id to satisfy frontend string field expectations.';
COMMENT ON COLUMN roles.tenant_id     IS 'Scopes this role to one tenant.';
COMMENT ON COLUMN roles.department_id IS 'Optional normalized FK to departments for referential integrity. May be NULL for cross-department roles. See also: the text "department" column.';
COMMENT ON COLUMN roles.title         IS 'Human-readable role title shown in dropdowns and tables. e.g. "Senior Developer", "UI/UX Designer", "Project Manager".';
COMMENT ON COLUMN roles.department    IS 'Denormalized copy of the department name stored as plain text. The frontend Role TypeScript type has department as a string field, not a UUID, so this column satisfies that contract. Must be kept in sync with departments.name when a department is renamed.';
COMMENT ON COLUMN roles.rate          IS 'Client-facing billable hourly rate in USD. e.g. 150.00 means $150/hr. Used in deal estimation to calculate revenue projections.';
COMMENT ON COLUMN roles.created_at    IS 'Timestamp when the role was created.';
COMMENT ON COLUMN roles.updated_at    IS 'Timestamp of the most recent change.';
COMMENT ON COLUMN roles.deleted_at    IS 'Soft delete. Roles are referenced historically in estimation_resources rows so hard deletion would break old deal records.';

-- employees
COMMENT ON COLUMN employees.id             IS 'UUID primary key, auto-generated.';
COMMENT ON COLUMN employees.tenant_id      IS 'Scopes this employee to one tenant.';
COMMENT ON COLUMN employees.department_id  IS 'Optional FK to departments. NULL if the employee has not been assigned to a department yet.';
COMMENT ON COLUMN employees.job_role_id    IS 'Optional normalized UUID FK to roles for referential integrity. Used for structured joins. See also: the text "role" column which mirrors this value.';
COMMENT ON COLUMN employees.name           IS 'Full display name of the employee. e.g. "John Doe".';
COMMENT ON COLUMN employees.role           IS 'Text copy of the job_role_id UUID. Stored because the frontend Employee TypeScript type has role as a string field. Application code must keep this in sync with job_role_id.';
COMMENT ON COLUMN employees.role_name      IS 'Denormalized copy of the role title. e.g. "Senior Developer". Avoids an extra JOIN when rendering employee list views.';
COMMENT ON COLUMN employees.capacity_role  IS 'Capacity planning classification for the AI team builder and capacity pool dashboard. Values: frontend | backend | pm | qa | design. Determines which pool bucket this employee fills when calculating available hours.';
COMMENT ON COLUMN employees.monthly_salary IS 'Gross monthly salary in USD. Combined with workable_hours to derive cost_per_hour.';
COMMENT ON COLUMN employees.workable_hours IS 'Billable hours available per calendar month. Default is 160 (40 hours/week x 4 weeks). Used as the denominator in the cost_per_hour generated column.';
COMMENT ON COLUMN employees.cost_per_hour  IS 'GENERATED ALWAYS AS (monthly_salary / NULLIF(workable_hours, 0)). Automatically computed by the database whenever monthly_salary or workable_hours change. Do NOT insert or update this column directly.';
COMMENT ON COLUMN employees.status         IS 'Employment status. Values: Active | On Leave | Terminated. Only Active employees appear in capacity pool and AI team builder calculations.';
COMMENT ON COLUMN employees.created_at     IS 'Timestamp when the employee record was created.';
COMMENT ON COLUMN employees.updated_at     IS 'Timestamp of the most recent change.';
COMMENT ON COLUMN employees.deleted_at     IS 'Soft delete. Terminated employees retain their historical time entries and hard assignments so they are never hard-deleted.';

-- global_overheads
COMMENT ON COLUMN global_overheads.id           IS 'UUID primary key, auto-generated.';
COMMENT ON COLUMN global_overheads.tenant_id    IS 'Scopes this overhead item to one tenant.';
COMMENT ON COLUMN global_overheads.category     IS 'Category label for this overhead type. e.g. "Software Licenses", "Office Rent", "Utilities", "Insurance".';
COMMENT ON COLUMN global_overheads.description  IS 'Optional detail describing what is included. e.g. "AWS, GitHub, Slack, Figma".';
COMMENT ON COLUMN global_overheads.monthly_cost IS 'Fixed USD cost per month. The P&L dashboard sums all active overhead rows to get the total monthly overhead figure that reduces gross profit.';
COMMENT ON COLUMN global_overheads.created_at   IS 'Timestamp when the overhead item was added.';
COMMENT ON COLUMN global_overheads.updated_at   IS 'Timestamp of the most recent change.';
COMMENT ON COLUMN global_overheads.deleted_at   IS 'Soft delete. Preserves historical P&L data even after an overhead item is retired.';

-- company_settings
COMMENT ON COLUMN company_settings.id                      IS 'Primary key. Defaults to the string "singleton" matching the frontend upsert call (lib/supabaseOrganization.ts). For multi-tenant production, insert with id = tenant_id::text so each tenant has a separate row.';
COMMENT ON COLUMN company_settings.tenant_id               IS 'UNIQUE FK to tenants. Enforces one settings row per tenant at the database level even when multiple rows exist with different id values.';
COMMENT ON COLUMN company_settings.overhead_percentage     IS 'Percentage added on top of base labor cost in deal estimations to cover company overhead. e.g. 20 means 20%. Stored here so all deals use a consistent figure. Default: 20.';
COMMENT ON COLUMN company_settings.buffer_percentage       IS 'Risk and contingency buffer added to deal estimates. e.g. 10 means add 10% of labor cost as a buffer. Default: 10.';
COMMENT ON COLUMN company_settings.yearly_fixed_cost       IS 'Total annual fixed operating cost in USD. Used in break-even analysis and 6-month forecast calculations. Default: 0.';
COMMENT ON COLUMN company_settings.employer_tax_percentage IS 'Employer-side payroll tax as a percentage of gross salary. e.g. 8 means the real cost of hiring is 8% above the salary figure. Used in the salary multiplier UI on the organization page. Default: 8.';
COMMENT ON COLUMN company_settings.benefits_percentage     IS 'Employee benefits and insurance cost as a percentage of salary. e.g. 12 means benefits add 12% to the employment cost. Used alongside employer_tax_percentage to show the true cost of each employee. Default: 12.';
COMMENT ON COLUMN company_settings.created_at              IS 'Timestamp when the settings row was first created.';
COMMENT ON COLUMN company_settings.updated_at              IS 'Timestamp of the most recent settings change.';

-- deals
COMMENT ON COLUMN deals.id                    IS 'UUID primary key, auto-generated.';
COMMENT ON COLUMN deals.tenant_id             IS 'Scopes this deal to one tenant.';
COMMENT ON COLUMN deals.name                  IS 'Short name for the deal shown in Kanban cards and list views. e.g. "Cloud Migration", "Mobile App Redesign".';
COMMENT ON COLUMN deals.client                IS 'Client company or contact name. Free text. e.g. "Acme Corp".';
COMMENT ON COLUMN deals.estimated_value       IS 'Initial rough USD estimate of deal value entered early in the pipeline before a detailed budget is agreed. Must be >= 0.';
COMMENT ON COLUMN deals.win_probability       IS 'Estimated likelihood of winning this deal, as a percentage (0-100). Used by the capacity pool to calculate probability-weighted (soft-booked) hours from ghost roles.';
COMMENT ON COLUMN deals.status                IS 'Current stage in the sales pipeline. Values: lead | inquiry | opportunity | proposal | contract | won | lost. Progresses through the Kanban board. Changing to "won" via win_deal() triggers automatic contract and project creation.';
COMMENT ON COLUMN deals.client_budget         IS 'Budget the client has confirmed in USD. Takes priority over estimated_value as the contract total_value when the deal is won. Must be >= 0.';
COMMENT ON COLUMN deals.timeline_months       IS 'Expected project duration in months. Used in ghost role calculations: quantity x months x 160hrs = total required hours for that role.';
COMMENT ON COLUMN deals.workload_hours        IS 'Total estimated hours of project work. Becomes project.budget_hours when the deal is won. If NULL, win_deal() falls back to SUM(estimation_resources.hours). Must be >= 0.';
COMMENT ON COLUMN deals.workload_description  IS 'Free-text description of the work scope. Displayed on the deal form and passed to the Gemini AI prompt when the AI team builder generates a staffing recommendation.';
COMMENT ON COLUMN deals.target_margin         IS 'Target gross profit margin percentage the agency wants to achieve on this deal. e.g. 30 means 30% of client_budget should remain as profit.';
COMMENT ON COLUMN deals.base_labor_cost       IS 'Total labor cost computed from ghost roles: SUM(quantity x months x avg_monthly_salary). Calculated on the frontend and stored here for reporting. Must be >= 0.';
COMMENT ON COLUMN deals.overhead_cost         IS 'Overhead applied to this specific deal: base_labor_cost x (overhead_percentage / 100). Calculated on the frontend from company_settings.overhead_percentage. Must be >= 0.';
COMMENT ON COLUMN deals.buffer_cost           IS 'Risk buffer applied: base_labor_cost x (buffer_percentage / 100). Calculated on the frontend from company_settings.buffer_percentage. Must be >= 0.';
COMMENT ON COLUMN deals.total_estimated_cost  IS 'Full internal cost: base_labor_cost + overhead_cost + buffer_cost. The minimum revenue needed to break even on this deal. Must be >= 0.';
COMMENT ON COLUMN deals.estimated_gross_profit IS 'Projected profit: client_budget minus total_estimated_cost. A negative value means the deal is underpriced. Used in the deal card summary.';
COMMENT ON COLUMN deals.won_at                IS 'Timestamp when the deal was moved to "won" status. Set automatically by win_deal().';
COMMENT ON COLUMN deals.lost_at               IS 'Timestamp when the deal was moved to "lost" status. Set by application code.';
COMMENT ON COLUMN deals.created_at            IS 'Timestamp when the deal was first created.';
COMMENT ON COLUMN deals.updated_at            IS 'Timestamp of the most recent change to the deal.';
COMMENT ON COLUMN deals.deleted_at            IS 'Soft delete. Won deals must not be hard-deleted because their contracts and projects still reference them via deal_id.';

-- estimation_resources
COMMENT ON COLUMN estimation_resources.id           IS 'UUID primary key, auto-generated.';
COMMENT ON COLUMN estimation_resources.tenant_id    IS 'Scopes this line item to one tenant. Denormalized from the parent deal for faster tenant-scoped queries without an extra join.';
COMMENT ON COLUMN estimation_resources.deal_id      IS 'The deal this line item belongs to. ON DELETE CASCADE means all estimation lines are removed automatically when the deal is deleted.';
COMMENT ON COLUMN estimation_resources.job_role_id  IS 'Normalized UUID FK to roles. Maintained for referential integrity and future analytics joins. May be NULL if the role record was deleted after estimation was saved.';
COMMENT ON COLUMN estimation_resources.role_id      IS 'Text copy of the roles.id UUID. Matches the frontend EstimationResource.roleId TypeScript field which is a string. Application code must keep this in sync with job_role_id.';
COMMENT ON COLUMN estimation_resources.feature_name IS 'Name of the work deliverable this line represents. e.g. "Architecture Setup", "Data Migration", "UI Design Sprint 1".';
COMMENT ON COLUMN estimation_resources.hours        IS 'Estimated hours of work for this feature by this role. Must be >= 0. Summed across all lines to derive project.budget_hours when deal.workload_hours is not set.';
COMMENT ON COLUMN estimation_resources.created_at   IS 'Timestamp when this line was created.';
COMMENT ON COLUMN estimation_resources.updated_at   IS 'Timestamp of the most recent change.';

-- deal_overheads
COMMENT ON COLUMN deal_overheads.id        IS 'UUID primary key, auto-generated.';
COMMENT ON COLUMN deal_overheads.tenant_id IS 'Scopes this overhead to one tenant.';
COMMENT ON COLUMN deal_overheads.deal_id   IS 'The deal this cost belongs to. ON DELETE CASCADE removes all overhead items when the deal is deleted.';
COMMENT ON COLUMN deal_overheads.name      IS 'Description of the one-time cost item. e.g. "AWS Setup Fee", "Travel Expenses", "Third-party Licensing".';
COMMENT ON COLUMN deal_overheads.cost      IS 'USD amount for this cost item. Must be >= 0.';
COMMENT ON COLUMN deal_overheads.created_at IS 'Timestamp when this overhead item was added.';
COMMENT ON COLUMN deal_overheads.updated_at IS 'Timestamp of the most recent change.';

-- deal_ghost_roles
COMMENT ON COLUMN deal_ghost_roles.id                IS 'UUID primary key, auto-generated.';
COMMENT ON COLUMN deal_ghost_roles.tenant_id         IS 'Scopes this ghost role slot to one tenant.';
COMMENT ON COLUMN deal_ghost_roles.deal_id           IS 'The deal this placeholder belongs to. ON DELETE CASCADE removes all ghost roles when the deal is deleted.';
COMMENT ON COLUMN deal_ghost_roles.role_type         IS 'The capacity pool bucket this slot fills. Values: frontend | backend | pm | qa | design. Must match employees.capacity_role for staffing to work correctly in the capacity view.';
COMMENT ON COLUMN deal_ghost_roles.quantity          IS 'Number of people needed in this role type. Must be >= 1. e.g. 2 means two backend engineers are required.';
COMMENT ON COLUMN deal_ghost_roles.months            IS 'Duration in months this role is required. Must be >= 1. Total required hours = quantity x months x 160.';
COMMENT ON COLUMN deal_ghost_roles.avg_monthly_salary IS 'Expected average gross monthly salary in USD for this role type. Used to calculate deals.base_labor_cost: SUM(quantity x months x avg_monthly_salary). Must be >= 0.';
COMMENT ON COLUMN deal_ghost_roles.created_at        IS 'Timestamp when this ghost role was added.';
COMMENT ON COLUMN deal_ghost_roles.updated_at        IS 'Timestamp of the most recent change.';

-- deal_hard_assignments
COMMENT ON COLUMN deal_hard_assignments.id              IS 'UUID primary key, auto-generated.';
COMMENT ON COLUMN deal_hard_assignments.tenant_id       IS 'Scopes this assignment to one tenant.';
COMMENT ON COLUMN deal_hard_assignments.deal_id         IS 'The deal this engineer is committed to. ON DELETE CASCADE removes assignments when the deal is deleted.';
COMMENT ON COLUMN deal_hard_assignments.employee_id     IS 'The actual named employee assigned to this deal. Combined with deal_id in a UNIQUE constraint to prevent duplicate assignments of the same person to the same deal.';
COMMENT ON COLUMN deal_hard_assignments.allocated_hours IS 'Total hours committed to this deal by this employee. Must be >= 0. These count as hard-booked in the capacity pool and are NOT probability-weighted (unlike ghost roles which use win_probability).';
COMMENT ON COLUMN deal_hard_assignments.created_at      IS 'Timestamp when the assignment was created (e.g. when the AI team suggestion was accepted).';
COMMENT ON COLUMN deal_hard_assignments.updated_at      IS 'Timestamp of the most recent change to the allocation.';

-- contracts
COMMENT ON COLUMN contracts.id                IS 'UUID primary key, auto-generated.';
COMMENT ON COLUMN contracts.tenant_id         IS 'Scopes this contract to one tenant.';
COMMENT ON COLUMN contracts.deal_id           IS 'Optional FK to the originating deal. NULL if the contract was created manually without a CRM deal. ON DELETE SET NULL preserves the contract if the deal is soft-deleted.';
COMMENT ON COLUMN contracts.contract_number   IS 'Human-readable display identifier auto-generated from contract_number_seq. e.g. "CON-0001". Shown in the Contracts page and referenced in client communications.';
COMMENT ON COLUMN contracts.client            IS 'Client name copied from the deal at creation time. Stored here so the contract is self-contained even if the source deal is renamed or deleted.';
COMMENT ON COLUMN contracts.total_value       IS 'Full contract value in USD. Set to deal.client_budget (or deal.estimated_value as fallback) when created by win_deal(). Can be manually adjusted after creation.';
COMMENT ON COLUMN contracts.revenue_recognized IS 'Cumulative USD amount that has been invoiced with Paid status. Updated by application code when an invoice is paid. Compared against total_value to show remaining unbilled revenue.';
COMMENT ON COLUMN contracts.status            IS 'Contract lifecycle stage. Values: Draft | Active | Completed | Cancelled. Contracts created by win_deal() start as Active.';
COMMENT ON COLUMN contracts.start_date        IS 'Optional project start date. Informational only; not enforced or computed by the database.';
COMMENT ON COLUMN contracts.end_date          IS 'Optional expected completion date. Informational only.';
COMMENT ON COLUMN contracts.notes             IS 'Free-text field for special terms, payment conditions, or other contract-level notes.';
COMMENT ON COLUMN contracts.created_at        IS 'Timestamp when the contract was created.';
COMMENT ON COLUMN contracts.updated_at        IS 'Timestamp of the most recent change.';
COMMENT ON COLUMN contracts.deleted_at        IS 'Soft delete. Contracts with invoices or projects must not be hard-deleted.';

-- milestones
COMMENT ON COLUMN milestones.id          IS 'UUID primary key, auto-generated.';
COMMENT ON COLUMN milestones.tenant_id   IS 'Scopes this milestone to one tenant.';
COMMENT ON COLUMN milestones.contract_id IS 'The contract this milestone belongs to. ON DELETE CASCADE removes all milestones when the contract is deleted.';
COMMENT ON COLUMN milestones.name        IS 'Short name describing the payment event. e.g. "Project Kickoff", "Phase 1 Delivery", "Final Handoff and Sign-off".';
COMMENT ON COLUMN milestones.due_date    IS 'The target date by which this milestone should be reached and the payment can be requested.';
COMMENT ON COLUMN milestones.amount      IS 'USD amount to bill when this milestone is reached. All milestones for a contract should sum to contracts.total_value. Must be >= 0.';
COMMENT ON COLUMN milestones.status      IS 'Current state. Values: Pending | In Progress | Completed. Set to Completed via PATCH /milestones/{id}/complete which also sets completed_at.';
COMMENT ON COLUMN milestones.completed_at IS 'Timestamp when the milestone was marked Completed. Set by application code, not by the database automatically.';
COMMENT ON COLUMN milestones.created_at  IS 'Timestamp when the milestone was created.';
COMMENT ON COLUMN milestones.updated_at  IS 'Timestamp of the most recent change.';

-- invoices
COMMENT ON COLUMN invoices.id             IS 'UUID primary key, auto-generated.';
COMMENT ON COLUMN invoices.tenant_id      IS 'Scopes this invoice to one tenant.';
COMMENT ON COLUMN invoices.contract_id    IS 'The contract this invoice is billed against. ON DELETE RESTRICT prevents deleting a contract while unpaid invoices exist.';
COMMENT ON COLUMN invoices.milestone_id   IS 'Optional link to a milestone if this invoice was triggered by reaching a milestone. ON DELETE SET NULL keeps the invoice intact if the milestone is later removed.';
COMMENT ON COLUMN invoices.invoice_number IS 'Human-readable display ID auto-generated from invoice_number_seq. e.g. "INV-1042". Shown to clients on the invoice document.';
COMMENT ON COLUMN invoices.issue_date     IS 'The date the invoice was officially issued. Maps to the frontend Invoice TypeScript type "date" field. Used for monthly grouping in the P&L dashboard.';
COMMENT ON COLUMN invoices.due_date       IS 'Optional payment deadline. The application can use this to flag Overdue invoices where due_date < today and status is still Pending.';
COMMENT ON COLUMN invoices.amount         IS 'Base invoice amount in USD before tax. Must be >= 0.';
COMMENT ON COLUMN invoices.tax            IS 'Tax amount in USD. Store as an absolute amount, not a rate. e.g. 4000 for $4,000 tax. Must be >= 0.';
COMMENT ON COLUMN invoices.total          IS 'GENERATED ALWAYS AS (amount + tax). Automatically computed by the database whenever amount or tax changes. Do NOT insert or update this column directly.';
COMMENT ON COLUMN invoices.status         IS 'Payment lifecycle. Values: Draft | Pending | Paid | Overdue | Cancelled. The P&L revenue calculation counts only invoices with status Paid.';
COMMENT ON COLUMN invoices.paid_at        IS 'Timestamp when the invoice was paid and status changed to Paid. Set by application code via PATCH /invoices/{id}/pay.';
COMMENT ON COLUMN invoices.notes          IS 'Optional payment instructions or internal notes included on the invoice.';
COMMENT ON COLUMN invoices.created_at     IS 'Timestamp when the invoice was created.';
COMMENT ON COLUMN invoices.updated_at     IS 'Timestamp of the most recent change.';
COMMENT ON COLUMN invoices.deleted_at     IS 'Soft delete. Preserves financial audit history even after an invoice is voided.';

-- projects
COMMENT ON COLUMN projects.id             IS 'UUID primary key, auto-generated.';
COMMENT ON COLUMN projects.tenant_id      IS 'Scopes this project to one tenant.';
COMMENT ON COLUMN projects.contract_id    IS 'FK to the backing contract. UNIQUE constraint enforces one project per contract, matching the win-deal flow. ON DELETE RESTRICT prevents deleting a contract while an active project exists.';
COMMENT ON COLUMN projects.project_number IS 'Human-readable display ID auto-generated from project_number_seq. e.g. "PRJ-101". Shown in the Projects list view.';
COMMENT ON COLUMN projects.name           IS 'Project display name. Copied from deal.name when created by win_deal(). Can be updated after creation.';
COMMENT ON COLUMN projects.client         IS 'Client name. Copied from deal.client when created by win_deal().';
COMMENT ON COLUMN projects.budget_hours   IS 'Total hours allocated for delivering this project. Set from deal.workload_hours or SUM(estimation_resources.hours) by win_deal(). Compared against consumed_hours to determine health status. Must be >= 0.';
COMMENT ON COLUMN projects.consumed_hours IS 'Running total of approved hours logged against this project. Incremented by application code each time a time_entry is approved. Must be >= 0. Divide by budget_hours to get burn percentage.';
COMMENT ON COLUMN projects.status         IS 'Health indicator updated by application code. Values: Not Started | On Track | At Risk | Over Budget | Completed. Typically: On Track if consumed < 80% of budget, At Risk if 80-100%, Over Budget if > 100%.';
COMMENT ON COLUMN projects.start_date     IS 'Optional actual project start date. Informational only.';
COMMENT ON COLUMN projects.end_date       IS 'Optional actual or expected completion date. Informational only.';
COMMENT ON COLUMN projects.created_at     IS 'Timestamp when the project was created (usually when the deal was won).';
COMMENT ON COLUMN projects.updated_at     IS 'Timestamp of the most recent change.';
COMMENT ON COLUMN projects.deleted_at     IS 'Soft delete. Projects with time entries must not be hard-deleted to preserve labor history.';

-- time_entries
COMMENT ON COLUMN time_entries.id          IS 'UUID primary key, auto-generated.';
COMMENT ON COLUMN time_entries.tenant_id   IS 'Scopes this entry to one tenant. Denormalized from the project to allow fast tenant-scoped timesheet queries without chaining through projects.';
COMMENT ON COLUMN time_entries.project_id  IS 'The project this time was logged against. ON DELETE RESTRICT prevents deleting a project with existing time entries.';
COMMENT ON COLUMN time_entries.employee_id IS 'The employee who performed and logged the work. ON DELETE RESTRICT preserves timesheet history even if the employee record is soft-deleted.';
COMMENT ON COLUMN time_entries.approved_by IS 'FK to users.id of the manager who approved this entry. NULL until the entry reaches Approved status.';
COMMENT ON COLUMN time_entries.task        IS 'Short description of what was worked on during this session. e.g. "Database Schema Design", "Client Review Call", "Bug Fix - Auth Module".';
COMMENT ON COLUMN time_entries.date        IS 'Calendar date the work was performed (not when it was logged). Used for monthly grouping in the P&L dashboard.';
COMMENT ON COLUMN time_entries.hours       IS 'Hours worked in this session. Must be > 0. Fractional values are allowed, e.g. 1.5 for 90 minutes.';
COMMENT ON COLUMN time_entries.billable    IS 'Whether these hours are billable to the client. true by default. Non-billable hours still consume project capacity but may be excluded from client-facing reports.';
COMMENT ON COLUMN time_entries.status      IS 'Approval workflow state. Values: Draft (saved, not submitted) | Pending (submitted for approval) | Approved (counted in consumed_hours) | Rejected (sent back for correction). Only Approved entries should increment projects.consumed_hours.';
COMMENT ON COLUMN time_entries.notes       IS 'Optional additional context about the work. e.g. meeting attendees, blockers encountered, links to tickets.';
COMMENT ON COLUMN time_entries.approved_at IS 'Timestamp when the approver changed status to Approved. Set by application code.';
COMMENT ON COLUMN time_entries.created_at  IS 'Timestamp when the time entry was first saved.';
COMMENT ON COLUMN time_entries.updated_at  IS 'Timestamp of the most recent change.';


-- ============================================================
-- win_deal() FUNCTION
-- Atomically marks a deal as won, creates a contract, and creates a project.
-- Idempotent: safe to call multiple times on the same deal.
-- contract total_value uses client_budget, then estimated_value fallback.
-- project budget_hours uses workload_hours, then sum(estimation_resources.hours) fallback.
-- ============================================================

CREATE OR REPLACE FUNCTION win_deal(p_deal_id uuid, p_tenant_id uuid)
RETURNS void
LANGUAGE plpgsql
AS $$
DECLARE
    v_deal          deals%ROWTYPE;
    v_contract_id   uuid;
    v_budget_hours  numeric;
BEGIN
    -- Lock the deal row to prevent concurrent win_deal calls
    SELECT * INTO v_deal
    FROM deals
    WHERE id = p_deal_id AND tenant_id = p_tenant_id
    FOR UPDATE;

    IF NOT FOUND THEN
        RAISE EXCEPTION 'Deal % not found for tenant %', p_deal_id, p_tenant_id;
    END IF;

    -- Idempotent: already won, nothing to do
    IF v_deal.status = 'won' THEN
        RETURN;
    END IF;

    -- Mark deal as won
    UPDATE deals
       SET status = 'won', won_at = now(), updated_at = now()
     WHERE id = p_deal_id;

    -- Prevent duplicate contract for the same deal
    IF EXISTS (
        SELECT 1 FROM contracts
        WHERE deal_id = p_deal_id AND deleted_at IS NULL
    ) THEN
        RETURN;
    END IF;

    -- Create contract (contract_number auto-generated by sequence default)
    INSERT INTO contracts (tenant_id, deal_id, client, total_value, status)
    VALUES (
        p_tenant_id,
        p_deal_id,
        COALESCE(v_deal.client, 'Client'),
        COALESCE(v_deal.client_budget, v_deal.estimated_value, 0),
        'Active'
    )
    RETURNING id INTO v_contract_id;

    -- Determine budget hours: workload_hours first, then sum estimation_resources
    SELECT COALESCE(
        v_deal.workload_hours,
        (SELECT COALESCE(SUM(hours), 0) FROM estimation_resources WHERE deal_id = p_deal_id),
        0
    ) INTO v_budget_hours;

    -- Create project (project_number auto-generated by sequence default)
    INSERT INTO projects (tenant_id, contract_id, name, client, budget_hours, status)
    VALUES (
        p_tenant_id,
        v_contract_id,
        v_deal.name,
        COALESCE(v_deal.client, 'Client'),
        v_budget_hours,
        'Not Started'
    );
END;
$$;

COMMENT ON FUNCTION win_deal(uuid, uuid) IS
'Atomically marks a deal as won and auto-generates one contract and one project in a single transaction. Idempotent - safe to call multiple times on the same deal. contract_number and project_number are auto-generated from sequences. total_value uses client_budget with estimated_value as fallback. budget_hours uses workload_hours with SUM(estimation_resources.hours) as fallback.';


-- ============================================================
-- SEED DATA (Development / Demo)
-- Matches frontend mock data in store/businessStore.ts
-- Fixed UUIDs make seed reproducible across environments.
-- ============================================================

-- Tenant
INSERT INTO tenants (id, name, slug, plan, is_active)
VALUES (
    'a0000000-0000-0000-0000-000000000001',
    'Anka Agency',
    'anka-agency',
    'pro',
    true
);

-- Departments
INSERT INTO departments (id, tenant_id, name, manager, headcount) VALUES
    ('d0000000-0000-0000-0000-000000000001', 'a0000000-0000-0000-0000-000000000001', 'Engineering', 'Alice Roberts', 3),
    ('d0000000-0000-0000-0000-000000000002', 'a0000000-0000-0000-0000-000000000001', 'Design',      'Mark Smith',   1);

-- Roles (department = denormalized text name as frontend expects)
INSERT INTO roles (id, tenant_id, department_id, title, department, rate) VALUES
    ('r0000000-0000-0000-0000-000000000001', 'a0000000-0000-0000-0000-000000000001', 'd0000000-0000-0000-0000-000000000001', 'Senior Developer', 'Engineering', 150),
    ('r0000000-0000-0000-0000-000000000002', 'a0000000-0000-0000-0000-000000000001', 'd0000000-0000-0000-0000-000000000001', 'Mid Developer',    'Engineering', 100),
    ('r0000000-0000-0000-0000-000000000003', 'a0000000-0000-0000-0000-000000000001', 'd0000000-0000-0000-0000-000000000002', 'UI/UX Designer',   'Design',      120),
    ('r0000000-0000-0000-0000-000000000004', 'a0000000-0000-0000-0000-000000000001', 'd0000000-0000-0000-0000-000000000001', 'Project Manager',  'Engineering', 130);

-- Employees (cost_per_hour is GENERATED - do not insert it)
-- role column = text copy of the job_role_id UUID (matches frontend Employee.role)
INSERT INTO employees (id, tenant_id, department_id, job_role_id, name, role, role_name, capacity_role, monthly_salary, workable_hours, status) VALUES
    ('e0000000-0000-0000-0000-000000000001', 'a0000000-0000-0000-0000-000000000001',
     'd0000000-0000-0000-0000-000000000001', 'r0000000-0000-0000-0000-000000000001',
     'John Doe',    'r0000000-0000-0000-0000-000000000001', 'Senior Developer', 'backend', 8000, 160, 'Active'),
    ('e0000000-0000-0000-0000-000000000002', 'a0000000-0000-0000-0000-000000000001',
     'd0000000-0000-0000-0000-000000000002', 'r0000000-0000-0000-0000-000000000003',
     'Jane Smith',  'r0000000-0000-0000-0000-000000000003', 'UI/UX Designer',   'design',  6400, 160, 'Active'),
    ('e0000000-0000-0000-0000-000000000003', 'a0000000-0000-0000-0000-000000000001',
     'd0000000-0000-0000-0000-000000000001', 'r0000000-0000-0000-0000-000000000002',
     'Bob Backend', 'r0000000-0000-0000-0000-000000000002', 'Mid Developer',    'backend', 5600, 160, 'Active'),
    ('e0000000-0000-0000-0000-000000000004', 'a0000000-0000-0000-0000-000000000001',
     'd0000000-0000-0000-0000-000000000001', 'r0000000-0000-0000-0000-000000000004',
     'Alice PM',    'r0000000-0000-0000-0000-000000000004', 'Project Manager',  'pm',      7200, 160, 'Active');

-- Global Overheads
INSERT INTO global_overheads (id, tenant_id, category, description, monthly_cost) VALUES
    ('o0000000-0000-0000-0000-000000000001', 'a0000000-0000-0000-0000-000000000001',
     'Software Licenses', 'AWS, GitHub, Slack, Figma', 5200),
    ('o0000000-0000-0000-0000-000000000002', 'a0000000-0000-0000-0000-000000000001',
     'Office Rent', 'HQ Lease', 12000);

-- Company Settings (singleton for single-tenant prototype)
INSERT INTO company_settings (id, tenant_id, overhead_percentage, buffer_percentage, yearly_fixed_cost, employer_tax_percentage, benefits_percentage)
VALUES ('singleton', 'a0000000-0000-0000-0000-000000000001', 20, 10, 500000, 8, 12);

-- Demo Deal (won - Cloud Migration)
INSERT INTO deals (
    id, tenant_id, name, client, estimated_value, win_probability, status,
    client_budget, timeline_months, workload_hours, target_margin,
    base_labor_cost, overhead_cost, buffer_cost, total_estimated_cost, estimated_gross_profit,
    won_at
) VALUES (
    'de000000-0000-0000-0000-000000000001',
    'a0000000-0000-0000-0000-000000000001',
    'Cloud Migration', 'Acme Corp', 120000, 100, 'won',
    120000, 3, 300, 30,
    84000, 16800, 8400, 109200, 10800,
    now() - interval '60 days'
);

-- Demo Contract (contract_number auto-generated as CON-0001 from sequence)
INSERT INTO contracts (id, tenant_id, deal_id, client, total_value, revenue_recognized, status)
VALUES (
    'co000000-0000-0000-0000-000000000001',
    'a0000000-0000-0000-0000-000000000001',
    'de000000-0000-0000-0000-000000000001',
    'Acme Corp', 120000, 40000, 'Active'
);

-- Demo Milestones
INSERT INTO milestones (id, tenant_id, contract_id, name, due_date, amount, status, completed_at) VALUES
    ('mi000000-0000-0000-0000-000000000001', 'a0000000-0000-0000-0000-000000000001',
     'co000000-0000-0000-0000-000000000001', 'Project Kickoff',  '2024-03-15', 20000, 'Completed', '2024-03-15 00:00:00+00'),
    ('mi000000-0000-0000-0000-000000000002', 'a0000000-0000-0000-0000-000000000001',
     'co000000-0000-0000-0000-000000000001', 'Phase 1 Delivery', '2024-04-30', 50000, 'In Progress', null);

-- Demo Invoices (invoice_number auto-generated from sequence: INV-1042, INV-1043)
-- total is GENERATED - do not insert it
INSERT INTO invoices (id, tenant_id, contract_id, issue_date, amount, tax, status, paid_at) VALUES
    ('in000000-0000-0000-0000-000000000001', 'a0000000-0000-0000-0000-000000000001',
     'co000000-0000-0000-0000-000000000001', '2024-03-01', 40000, 4000, 'Paid', '2024-03-10 00:00:00+00'),
    ('in000000-0000-0000-0000-000000000002', 'a0000000-0000-0000-0000-000000000001',
     'co000000-0000-0000-0000-000000000001', '2024-04-01', 40000, 4000, 'Pending', null);

-- Demo Project (project_number auto-generated as PRJ-101 from sequence)
INSERT INTO projects (id, tenant_id, contract_id, name, client, budget_hours, consumed_hours, status)
VALUES (
    'pr000000-0000-0000-0000-000000000001',
    'a0000000-0000-0000-0000-000000000001',
    'co000000-0000-0000-0000-000000000001',
    'Cloud Migration', 'Acme Corp', 300, 250, 'On Track'
);

-- Demo Time Entries
INSERT INTO time_entries (id, tenant_id, project_id, employee_id, task, date, hours, billable, status, approved_at) VALUES
    ('te000000-0000-0000-0000-000000000001', 'a0000000-0000-0000-0000-000000000001',
     'pr000000-0000-0000-0000-000000000001', 'e0000000-0000-0000-0000-000000000001',
     'Database Schema Setup', '2024-03-10', 40,  true, 'Approved', '2024-03-11 00:00:00+00'),
    ('te000000-0000-0000-0000-000000000002', 'a0000000-0000-0000-0000-000000000001',
     'pr000000-0000-0000-0000-000000000001', 'e0000000-0000-0000-0000-000000000003',
     'API Migration',         '2024-03-15', 210, true, 'Approved', '2024-03-16 00:00:00+00');

-- ============================================================
-- END OF SCHEMA
-- ============================================================
